{
  "binary": {
    "train_accuracy": 0.957625,
    "test_accuracy": 0.961,
    "confusion_matrix": [
      [
        1883,
        49
      ],
      [
        29,
        39
      ]
    ],
    "classification_report": {
      "No Failure": {
        "precision": 0.9848326359832636,
        "recall": 0.9746376811594203,
        "f1-score": 0.9797086368366286,
        "support": 1932.0
      },
      "Failure": {
        "precision": 0.4431818181818182,
        "recall": 0.5735294117647058,
        "f1-score": 0.5,
        "support": 68.0
      },
      "accuracy": 0.961,
      "macro avg": {
        "precision": 0.7140072270825409,
        "recall": 0.774083546462063,
        "f1-score": 0.7398543184183143,
        "support": 2000.0
      },
      "weighted avg": {
        "precision": 0.9664165081780145,
        "recall": 0.961,
        "f1-score": 0.9633985431841832,
        "support": 2000.0
      }
    }
  },
  "failure_type": {
    "train_accuracy": 1.0,
    "test_accuracy": 0.9264705882352942,
    "confusion_matrix": [
      [
        22,
        1,
        0,
        0,
        0
      ],
      [
        0,
        16,
        0,
        0,
        0
      ],
      [
        2,
        0,
        16,
        0,
        0
      ],
      [
        0,
        1,
        0,
        7,
        1
      ],
      [
        0,
        0,
        0,
        0,
        2
      ]
    ],
    "classification_report": {
      "Heat Dissipation Failure": {
        "precision": 0.9166666666666666,
        "recall": 0.9565217391304348,
        "f1-score": 0.9361702127659575,
        "support": 23.0
      },
      "Overstrain Failure": {
        "precision": 0.8888888888888888,
        "recall": 1.0,
        "f1-score": 0.9411764705882353,
        "support": 16.0
      },
      "Power Failure": {
        "precision": 1.0,
        "recall": 0.8888888888888888,
        "f1-score": 0.9411764705882353,
        "support": 18.0
      },
      "Tool Wear Failure": {
        "precision": 1.0,
        "recall": 0.7777777777777778,
        "f1-score": 0.875,
        "support": 9.0
      },
      "Unknown": {
        "precision": 0.6666666666666666,
        "recall": 1.0,
        "f1-score": 0.8,
        "support": 2.0
      },
      "accuracy": 0.9264705882352942,
      "macro avg": {
        "precision": 0.8944444444444445,
        "recall": 0.9246376811594204,
        "f1-score": 0.8987046307884856,
        "support": 68.0
      },
      "weighted avg": {
        "precision": 0.9358660130718954,
        "recall": 0.9264705882352942,
        "f1-score": 0.926572277847309,
        "support": 68.0
      }
    },
    "classes": [
      "Heat Dissipation Failure",
      "Overstrain Failure",
      "Power Failure",
      "Tool Wear Failure",
      "Unknown"
    ]
  }
}